<0>,,,1,記号,一般,*,*,*,*,*,*,*
<1>,,,1,記号,一般,*,*,*,*,*,*,*
<2>,,,1,記号,一般,*,*,*,*,*,*,*
<3>,,,1,記号,一般,*,*,*,*,*,*,*
<4>,,,1,記号,一般,*,*,*,*,*,*,*
<5>,,,1,記号,一般,*,*,*,*,*,*,*
<6>,,,1,記号,一般,*,*,*,*,*,*,*
<7>,,,1,記号,一般,*,*,*,*,*,*,*
<8>,,,1,記号,一般,*,*,*,*,*,*,*
<9>,,,1,記号,一般,*,*,*,*,*,*,*
<10>,,,1,記号,一般,*,*,*,*,*,*,*
<11>,,,1,記号,一般,*,*,*,*,*,*,*
<12>,,,1,記号,一般,*,*,*,*,*,*,*
<13>,,,1,記号,一般,*,*,*,*,*,*,*
<14>,,,1,記号,一般,*,*,*,*,*,*,*
<15>,,,1,記号,一般,*,*,*,*,*,*,*
<16>,,,1,記号,一般,*,*,*,*,*,*,*
<17>,,,1,記号,一般,*,*,*,*,*,*,*
<18>,,,1,記号,一般,*,*,*,*,*,*,*
<19>,,,1,記号,一般,*,*,*,*,*,*,*
<20>,,,1,記号,一般,*,*,*,*,*,*,*
<21>,,,1,記号,一般,*,*,*,*,*,*,*
<22>,,,1,記号,一般,*,*,*,*,*,*,*
<23>,,,1,記号,一般,*,*,*,*,*,*,*
<24>,,,1,記号,一般,*,*,*,*,*,*,*
<25>,,,1,記号,一般,*,*,*,*,*,*,*
<26>,,,1,記号,一般,*,*,*,*,*,*,*
<27>,,,1,記号,一般,*,*,*,*,*,*,*
<28>,,,1,記号,一般,*,*,*,*,*,*,*
<29>,,,1,記号,一般,*,*,*,*,*,*,*
<30>,,,1,記号,一般,*,*,*,*,*,*,*
<31>,,,1,記号,一般,*,*,*,*,*,*,*
<32>,,,1,記号,一般,*,*,*,*,*,*,*
<33>,,,1,記号,一般,*,*,*,*,*,*,*
<34>,,,1,記号,一般,*,*,*,*,*,*,*
<35>,,,1,記号,一般,*,*,*,*,*,*,*
<36>,,,1,記号,一般,*,*,*,*,*,*,*
<37>,,,1,記号,一般,*,*,*,*,*,*,*
<38>,,,1,記号,一般,*,*,*,*,*,*,*
<39>,,,1,記号,一般,*,*,*,*,*,*,*
<40>,,,1,記号,一般,*,*,*,*,*,*,*
<41>,,,1,記号,一般,*,*,*,*,*,*,*
<42>,,,1,記号,一般,*,*,*,*,*,*,*
<43>,,,1,記号,一般,*,*,*,*,*,*,*
<44>,,,1,記号,一般,*,*,*,*,*,*,*
<45>,,,1,記号,一般,*,*,*,*,*,*,*
<46>,,,1,記号,一般,*,*,*,*,*,*,*
<47>,,,1,記号,一般,*,*,*,*,*,*,*
<48>,,,1,記号,一般,*,*,*,*,*,*,*
<49>,,,1,記号,一般,*,*,*,*,*,*,*
<50>,,,1,記号,一般,*,*,*,*,*,*,*
<51>,,,1,記号,一般,*,*,*,*,*,*,*
<52>,,,1,記号,一般,*,*,*,*,*,*,*
<53>,,,1,記号,一般,*,*,*,*,*,*,*
<54>,,,1,記号,一般,*,*,*,*,*,*,*
<55>,,,1,記号,一般,*,*,*,*,*,*,*
<56>,,,1,記号,一般,*,*,*,*,*,*,*
<57>,,,1,記号,一般,*,*,*,*,*,*,*
<58>,,,1,記号,一般,*,*,*,*,*,*,*
<59>,,,1,記号,一般,*,*,*,*,*,*,*
<60>,,,1,記号,一般,*,*,*,*,*,*,*
<61>,,,1,記号,一般,*,*,*,*,*,*,*
<62>,,,1,記号,一般,*,*,*,*,*,*,*
<63>,,,1,記号,一般,*,*,*,*,*,*,*
<64>,,,1,記号,一般,*,*,*,*,*,*,*
<65>,,,1,記号,一般,*,*,*,*,*,*,*
<66>,,,1,記号,一般,*,*,*,*,*,*,*
<67>,,,1,記号,一般,*,*,*,*,*,*,*
<68>,,,1,記号,一般,*,*,*,*,*,*,*
<69>,,,1,記号,一般,*,*,*,*,*,*,*
<70>,,,1,記号,一般,*,*,*,*,*,*,*
<71>,,,1,記号,一般,*,*,*,*,*,*,*
<72>,,,1,記号,一般,*,*,*,*,*,*,*
<73>,,,1,記号,一般,*,*,*,*,*,*,*
<74>,,,1,記号,一般,*,*,*,*,*,*,*
<75>,,,1,記号,一般,*,*,*,*,*,*,*
<76>,,,1,記号,一般,*,*,*,*,*,*,*
<77>,,,1,記号,一般,*,*,*,*,*,*,*
<78>,,,1,記号,一般,*,*,*,*,*,*,*
<79>,,,1,記号,一般,*,*,*,*,*,*,*
<80>,,,1,記号,一般,*,*,*,*,*,*,*
<81>,,,1,記号,一般,*,*,*,*,*,*,*
<82>,,,1,記号,一般,*,*,*,*,*,*,*
<83>,,,1,記号,一般,*,*,*,*,*,*,*
<84>,,,1,記号,一般,*,*,*,*,*,*,*
<85>,,,1,記号,一般,*,*,*,*,*,*,*
<86>,,,1,記号,一般,*,*,*,*,*,*,*
<87>,,,1,記号,一般,*,*,*,*,*,*,*
<88>,,,1,記号,一般,*,*,*,*,*,*,*
<89>,,,1,記号,一般,*,*,*,*,*,*,*
<90>,,,1,記号,一般,*,*,*,*,*,*,*
<91>,,,1,記号,一般,*,*,*,*,*,*,*
<92>,,,1,記号,一般,*,*,*,*,*,*,*
<93>,,,1,記号,一般,*,*,*,*,*,*,*
<94>,,,1,記号,一般,*,*,*,*,*,*,*
<95>,,,1,記号,一般,*,*,*,*,*,*,*
<96>,,,1,記号,一般,*,*,*,*,*,*,*
<97>,,,1,記号,一般,*,*,*,*,*,*,*
<98>,,,1,記号,一般,*,*,*,*,*,*,*
<99>,,,1,記号,一般,*,*,*,*,*,*,*
<100>,,,1,記号,一般,*,*,*,*,*,*,*
<101>,,,1,記号,一般,*,*,*,*,*,*,*
<102>,,,1,記号,一般,*,*,*,*,*,*,*
<103>,,,1,記号,一般,*,*,*,*,*,*,*
<104>,,,1,記号,一般,*,*,*,*,*,*,*
<105>,,,1,記号,一般,*,*,*,*,*,*,*
<106>,,,1,記号,一般,*,*,*,*,*,*,*
<107>,,,1,記号,一般,*,*,*,*,*,*,*
<108>,,,1,記号,一般,*,*,*,*,*,*,*
<109>,,,1,記号,一般,*,*,*,*,*,*,*
<110>,,,1,記号,一般,*,*,*,*,*,*,*
<111>,,,1,記号,一般,*,*,*,*,*,*,*
<112>,,,1,記号,一般,*,*,*,*,*,*,*
<113>,,,1,記号,一般,*,*,*,*,*,*,*
<114>,,,1,記号,一般,*,*,*,*,*,*,*
<115>,,,1,記号,一般,*,*,*,*,*,*,*
<116>,,,1,記号,一般,*,*,*,*,*,*,*
<117>,,,1,記号,一般,*,*,*,*,*,*,*
<118>,,,1,記号,一般,*,*,*,*,*,*,*
<119>,,,1,記号,一般,*,*,*,*,*,*,*
<120>,,,1,記号,一般,*,*,*,*,*,*,*
<121>,,,1,記号,一般,*,*,*,*,*,*,*
<122>,,,1,記号,一般,*,*,*,*,*,*,*
<123>,,,1,記号,一般,*,*,*,*,*,*,*
<124>,,,1,記号,一般,*,*,*,*,*,*,*
<125>,,,1,記号,一般,*,*,*,*,*,*,*
<126>,,,1,記号,一般,*,*,*,*,*,*,*
<127>,,,1,記号,一般,*,*,*,*,*,*,*
<128>,,,1,記号,一般,*,*,*,*,*,*,*
<129>,,,1,記号,一般,*,*,*,*,*,*,*
<130>,,,1,記号,一般,*,*,*,*,*,*,*
<131>,,,1,記号,一般,*,*,*,*,*,*,*
<132>,,,1,記号,一般,*,*,*,*,*,*,*
<133>,,,1,記号,一般,*,*,*,*,*,*,*
<134>,,,1,記号,一般,*,*,*,*,*,*,*
<135>,,,1,記号,一般,*,*,*,*,*,*,*
<136>,,,1,記号,一般,*,*,*,*,*,*,*
<137>,,,1,記号,一般,*,*,*,*,*,*,*
<138>,,,1,記号,一般,*,*,*,*,*,*,*
<139>,,,1,記号,一般,*,*,*,*,*,*,*
<140>,,,1,記号,一般,*,*,*,*,*,*,*
<141>,,,1,記号,一般,*,*,*,*,*,*,*
<142>,,,1,記号,一般,*,*,*,*,*,*,*
<143>,,,1,記号,一般,*,*,*,*,*,*,*
<144>,,,1,記号,一般,*,*,*,*,*,*,*
<145>,,,1,記号,一般,*,*,*,*,*,*,*
<146>,,,1,記号,一般,*,*,*,*,*,*,*
<147>,,,1,記号,一般,*,*,*,*,*,*,*
<148>,,,1,記号,一般,*,*,*,*,*,*,*
<149>,,,1,記号,一般,*,*,*,*,*,*,*
<150>,,,1,記号,一般,*,*,*,*,*,*,*
<151>,,,1,記号,一般,*,*,*,*,*,*,*
<152>,,,1,記号,一般,*,*,*,*,*,*,*
<153>,,,1,記号,一般,*,*,*,*,*,*,*
<154>,,,1,記号,一般,*,*,*,*,*,*,*
<155>,,,1,記号,一般,*,*,*,*,*,*,*
<156>,,,1,記号,一般,*,*,*,*,*,*,*
<157>,,,1,記号,一般,*,*,*,*,*,*,*
<158>,,,1,記号,一般,*,*,*,*,*,*,*
<159>,,,1,記号,一般,*,*,*,*,*,*,*
<160>,,,1,記号,一般,*,*,*,*,*,*,*
<161>,,,1,記号,一般,*,*,*,*,*,*,*
<162>,,,1,記号,一般,*,*,*,*,*,*,*
<163>,,,1,記号,一般,*,*,*,*,*,*,*
<164>,,,1,記号,一般,*,*,*,*,*,*,*
<165>,,,1,記号,一般,*,*,*,*,*,*,*
<166>,,,1,記号,一般,*,*,*,*,*,*,*
<167>,,,1,記号,一般,*,*,*,*,*,*,*
<168>,,,1,記号,一般,*,*,*,*,*,*,*
<169>,,,1,記号,一般,*,*,*,*,*,*,*
<170>,,,1,記号,一般,*,*,*,*,*,*,*
<171>,,,1,記号,一般,*,*,*,*,*,*,*
<172>,,,1,記号,一般,*,*,*,*,*,*,*
<173>,,,1,記号,一般,*,*,*,*,*,*,*
<174>,,,1,記号,一般,*,*,*,*,*,*,*
<175>,,,1,記号,一般,*,*,*,*,*,*,*
<176>,,,1,記号,一般,*,*,*,*,*,*,*
<177>,,,1,記号,一般,*,*,*,*,*,*,*
<178>,,,1,記号,一般,*,*,*,*,*,*,*
<179>,,,1,記号,一般,*,*,*,*,*,*,*
<180>,,,1,記号,一般,*,*,*,*,*,*,*
<181>,,,1,記号,一般,*,*,*,*,*,*,*
<182>,,,1,記号,一般,*,*,*,*,*,*,*
<183>,,,1,記号,一般,*,*,*,*,*,*,*
<184>,,,1,記号,一般,*,*,*,*,*,*,*
<185>,,,1,記号,一般,*,*,*,*,*,*,*
<186>,,,1,記号,一般,*,*,*,*,*,*,*
<187>,,,1,記号,一般,*,*,*,*,*,*,*
<188>,,,1,記号,一般,*,*,*,*,*,*,*
<189>,,,1,記号,一般,*,*,*,*,*,*,*
<190>,,,1,記号,一般,*,*,*,*,*,*,*
<191>,,,1,記号,一般,*,*,*,*,*,*,*
<192>,,,1,記号,一般,*,*,*,*,*,*,*
<193>,,,1,記号,一般,*,*,*,*,*,*,*
<194>,,,1,記号,一般,*,*,*,*,*,*,*
<195>,,,1,記号,一般,*,*,*,*,*,*,*
<196>,,,1,記号,一般,*,*,*,*,*,*,*
<197>,,,1,記号,一般,*,*,*,*,*,*,*
<198>,,,1,記号,一般,*,*,*,*,*,*,*
<199>,,,1,記号,一般,*,*,*,*,*,*,*
<200>,,,1,記号,一般,*,*,*,*,*,*,*
<201>,,,1,記号,一般,*,*,*,*,*,*,*
<202>,,,1,記号,一般,*,*,*,*,*,*,*
<203>,,,1,記号,一般,*,*,*,*,*,*,*
<204>,,,1,記号,一般,*,*,*,*,*,*,*
<205>,,,1,記号,一般,*,*,*,*,*,*,*
<206>,,,1,記号,一般,*,*,*,*,*,*,*
<207>,,,1,記号,一般,*,*,*,*,*,*,*
<208>,,,1,記号,一般,*,*,*,*,*,*,*
<209>,,,1,記号,一般,*,*,*,*,*,*,*
<210>,,,1,記号,一般,*,*,*,*,*,*,*
<211>,,,1,記号,一般,*,*,*,*,*,*,*
<212>,,,1,記号,一般,*,*,*,*,*,*,*
<213>,,,1,記号,一般,*,*,*,*,*,*,*
<214>,,,1,記号,一般,*,*,*,*,*,*,*
<215>,,,1,記号,一般,*,*,*,*,*,*,*
<216>,,,1,記号,一般,*,*,*,*,*,*,*
<217>,,,1,記号,一般,*,*,*,*,*,*,*
<218>,,,1,記号,一般,*,*,*,*,*,*,*
<219>,,,1,記号,一般,*,*,*,*,*,*,*
<220>,,,1,記号,一般,*,*,*,*,*,*,*
<221>,,,1,記号,一般,*,*,*,*,*,*,*
<222>,,,1,記号,一般,*,*,*,*,*,*,*
<223>,,,1,記号,一般,*,*,*,*,*,*,*
<224>,,,1,記号,一般,*,*,*,*,*,*,*
<225>,,,1,記号,一般,*,*,*,*,*,*,*
<226>,,,1,記号,一般,*,*,*,*,*,*,*
<227>,,,1,記号,一般,*,*,*,*,*,*,*
<228>,,,1,記号,一般,*,*,*,*,*,*,*
<229>,,,1,記号,一般,*,*,*,*,*,*,*
<230>,,,1,記号,一般,*,*,*,*,*,*,*
<231>,,,1,記号,一般,*,*,*,*,*,*,*
<232>,,,1,記号,一般,*,*,*,*,*,*,*
<233>,,,1,記号,一般,*,*,*,*,*,*,*
<234>,,,1,記号,一般,*,*,*,*,*,*,*
<235>,,,1,記号,一般,*,*,*,*,*,*,*
<236>,,,1,記号,一般,*,*,*,*,*,*,*
<237>,,,1,記号,一般,*,*,*,*,*,*,*
<238>,,,1,記号,一般,*,*,*,*,*,*,*
<239>,,,1,記号,一般,*,*,*,*,*,*,*
<240>,,,1,記号,一般,*,*,*,*,*,*,*
<241>,,,1,記号,一般,*,*,*,*,*,*,*
<242>,,,1,記号,一般,*,*,*,*,*,*,*
<243>,,,1,記号,一般,*,*,*,*,*,*,*
<244>,,,1,記号,一般,*,*,*,*,*,*,*
<245>,,,1,記号,一般,*,*,*,*,*,*,*
<246>,,,1,記号,一般,*,*,*,*,*,*,*
<247>,,,1,記号,一般,*,*,*,*,*,*,*
<248>,,,1,記号,一般,*,*,*,*,*,*,*
<249>,,,1,記号,一般,*,*,*,*,*,*,*
<250>,,,1,記号,一般,*,*,*,*,*,*,*
<251>,,,1,記号,一般,*,*,*,*,*,*,*
<252>,,,1,記号,一般,*,*,*,*,*,*,*
<253>,,,1,記号,一般,*,*,*,*,*,*,*
<254>,,,1,記号,一般,*,*,*,*,*,*,*
<255>,,,1,記号,一般,*,*,*,*,*,*,*
<256>,,,1,記号,一般,*,*,*,*,*,*,*
<257>,,,1,記号,一般,*,*,*,*,*,*,*
<258>,,,1,記号,一般,*,*,*,*,*,*,*
<259>,,,1,記号,一般,*,*,*,*,*,*,*
<260>,,,1,記号,一般,*,*,*,*,*,*,*
<261>,,,1,記号,一般,*,*,*,*,*,*,*
<262>,,,1,記号,一般,*,*,*,*,*,*,*
<263>,,,1,記号,一般,*,*,*,*,*,*,*
<264>,,,1,記号,一般,*,*,*,*,*,*,*
<265>,,,1,記号,一般,*,*,*,*,*,*,*
<266>,,,1,記号,一般,*,*,*,*,*,*,*
<267>,,,1,記号,一般,*,*,*,*,*,*,*
<268>,,,1,記号,一般,*,*,*,*,*,*,*
<269>,,,1,記号,一般,*,*,*,*,*,*,*
<270>,,,1,記号,一般,*,*,*,*,*,*,*
<271>,,,1,記号,一般,*,*,*,*,*,*,*
<272>,,,1,記号,一般,*,*,*,*,*,*,*
<273>,,,1,記号,一般,*,*,*,*,*,*,*
<274>,,,1,記号,一般,*,*,*,*,*,*,*
<275>,,,1,記号,一般,*,*,*,*,*,*,*
<276>,,,1,記号,一般,*,*,*,*,*,*,*
<277>,,,1,記号,一般,*,*,*,*,*,*,*
<278>,,,1,記号,一般,*,*,*,*,*,*,*
<279>,,,1,記号,一般,*,*,*,*,*,*,*
<280>,,,1,記号,一般,*,*,*,*,*,*,*
<281>,,,1,記号,一般,*,*,*,*,*,*,*
<282>,,,1,記号,一般,*,*,*,*,*,*,*
<283>,,,1,記号,一般,*,*,*,*,*,*,*
<284>,,,1,記号,一般,*,*,*,*,*,*,*
<285>,,,1,記号,一般,*,*,*,*,*,*,*
<286>,,,1,記号,一般,*,*,*,*,*,*,*
<287>,,,1,記号,一般,*,*,*,*,*,*,*
<288>,,,1,記号,一般,*,*,*,*,*,*,*
<289>,,,1,記号,一般,*,*,*,*,*,*,*
<290>,,,1,記号,一般,*,*,*,*,*,*,*
<291>,,,1,記号,一般,*,*,*,*,*,*,*
<292>,,,1,記号,一般,*,*,*,*,*,*,*
<293>,,,1,記号,一般,*,*,*,*,*,*,*
<294>,,,1,記号,一般,*,*,*,*,*,*,*
<295>,,,1,記号,一般,*,*,*,*,*,*,*
<296>,,,1,記号,一般,*,*,*,*,*,*,*
<297>,,,1,記号,一般,*,*,*,*,*,*,*
<298>,,,1,記号,一般,*,*,*,*,*,*,*
<299>,,,1,記号,一般,*,*,*,*,*,*,*
<300>,,,1,記号,一般,*,*,*,*,*,*,*
<301>,,,1,記号,一般,*,*,*,*,*,*,*
<302>,,,1,記号,一般,*,*,*,*,*,*,*
<303>,,,1,記号,一般,*,*,*,*,*,*,*
<304>,,,1,記号,一般,*,*,*,*,*,*,*
<305>,,,1,記号,一般,*,*,*,*,*,*,*
<306>,,,1,記号,一般,*,*,*,*,*,*,*
<307>,,,1,記号,一般,*,*,*,*,*,*,*
<308>,,,1,記号,一般,*,*,*,*,*,*,*
<309>,,,1,記号,一般,*,*,*,*,*,*,*
<310>,,,1,記号,一般,*,*,*,*,*,*,*
<311>,,,1,記号,一般,*,*,*,*,*,*,*
<312>,,,1,記号,一般,*,*,*,*,*,*,*
<313>,,,1,記号,一般,*,*,*,*,*,*,*
<314>,,,1,記号,一般,*,*,*,*,*,*,*
<315>,,,1,記号,一般,*,*,*,*,*,*,*
<316>,,,1,記号,一般,*,*,*,*,*,*,*
<317>,,,1,記号,一般,*,*,*,*,*,*,*
<318>,,,1,記号,一般,*,*,*,*,*,*,*
<319>,,,1,記号,一般,*,*,*,*,*,*,*
<320>,,,1,記号,一般,*,*,*,*,*,*,*
<321>,,,1,記号,一般,*,*,*,*,*,*,*
<322>,,,1,記号,一般,*,*,*,*,*,*,*
<323>,,,1,記号,一般,*,*,*,*,*,*,*
<324>,,,1,記号,一般,*,*,*,*,*,*,*
<325>,,,1,記号,一般,*,*,*,*,*,*,*
<326>,,,1,記号,一般,*,*,*,*,*,*,*
<327>,,,1,記号,一般,*,*,*,*,*,*,*
<328>,,,1,記号,一般,*,*,*,*,*,*,*
<329>,,,1,記号,一般,*,*,*,*,*,*,*
<330>,,,1,記号,一般,*,*,*,*,*,*,*
<331>,,,1,記号,一般,*,*,*,*,*,*,*
<332>,,,1,記号,一般,*,*,*,*,*,*,*
<333>,,,1,記号,一般,*,*,*,*,*,*,*
<334>,,,1,記号,一般,*,*,*,*,*,*,*
<335>,,,1,記号,一般,*,*,*,*,*,*,*
<336>,,,1,記号,一般,*,*,*,*,*,*,*
<337>,,,1,記号,一般,*,*,*,*,*,*,*
<338>,,,1,記号,一般,*,*,*,*,*,*,*
<339>,,,1,記号,一般,*,*,*,*,*,*,*
<340>,,,1,記号,一般,*,*,*,*,*,*,*
<341>,,,1,記号,一般,*,*,*,*,*,*,*
<342>,,,1,記号,一般,*,*,*,*,*,*,*
<343>,,,1,記号,一般,*,*,*,*,*,*,*
<344>,,,1,記号,一般,*,*,*,*,*,*,*
<345>,,,1,記号,一般,*,*,*,*,*,*,*
<346>,,,1,記号,一般,*,*,*,*,*,*,*
<347>,,,1,記号,一般,*,*,*,*,*,*,*
<348>,,,1,記号,一般,*,*,*,*,*,*,*
<349>,,,1,記号,一般,*,*,*,*,*,*,*
<350>,,,1,記号,一般,*,*,*,*,*,*,*
<351>,,,1,記号,一般,*,*,*,*,*,*,*
<352>,,,1,記号,一般,*,*,*,*,*,*,*
<353>,,,1,記号,一般,*,*,*,*,*,*,*
<354>,,,1,記号,一般,*,*,*,*,*,*,*
<355>,,,1,記号,一般,*,*,*,*,*,*,*
<356>,,,1,記号,一般,*,*,*,*,*,*,*
<357>,,,1,記号,一般,*,*,*,*,*,*,*
<358>,,,1,記号,一般,*,*,*,*,*,*,*
<359>,,,1,記号,一般,*,*,*,*,*,*,*
<360>,,,1,記号,一般,*,*,*,*,*,*,*
<361>,,,1,記号,一般,*,*,*,*,*,*,*
<362>,,,1,記号,一般,*,*,*,*,*,*,*
<363>,,,1,記号,一般,*,*,*,*,*,*,*
<364>,,,1,記号,一般,*,*,*,*,*,*,*
<365>,,,1,記号,一般,*,*,*,*,*,*,*
<366>,,,1,記号,一般,*,*,*,*,*,*,*
<367>,,,1,記号,一般,*,*,*,*,*,*,*
<368>,,,1,記号,一般,*,*,*,*,*,*,*
<369>,,,1,記号,一般,*,*,*,*,*,*,*
<370>,,,1,記号,一般,*,*,*,*,*,*,*
<371>,,,1,記号,一般,*,*,*,*,*,*,*
<372>,,,1,記号,一般,*,*,*,*,*,*,*
<373>,,,1,記号,一般,*,*,*,*,*,*,*
<374>,,,1,記号,一般,*,*,*,*,*,*,*
<375>,,,1,記号,一般,*,*,*,*,*,*,*
<376>,,,1,記号,一般,*,*,*,*,*,*,*
<377>,,,1,記号,一般,*,*,*,*,*,*,*
<378>,,,1,記号,一般,*,*,*,*,*,*,*
<379>,,,1,記号,一般,*,*,*,*,*,*,*
<380>,,,1,記号,一般,*,*,*,*,*,*,*
<381>,,,1,記号,一般,*,*,*,*,*,*,*
<382>,,,1,記号,一般,*,*,*,*,*,*,*
<383>,,,1,記号,一般,*,*,*,*,*,*,*
<384>,,,1,記号,一般,*,*,*,*,*,*,*
<385>,,,1,記号,一般,*,*,*,*,*,*,*
<386>,,,1,記号,一般,*,*,*,*,*,*,*
<387>,,,1,記号,一般,*,*,*,*,*,*,*
<388>,,,1,記号,一般,*,*,*,*,*,*,*
<389>,,,1,記号,一般,*,*,*,*,*,*,*
<390>,,,1,記号,一般,*,*,*,*,*,*,*
<391>,,,1,記号,一般,*,*,*,*,*,*,*
<392>,,,1,記号,一般,*,*,*,*,*,*,*
<393>,,,1,記号,一般,*,*,*,*,*,*,*
<394>,,,1,記号,一般,*,*,*,*,*,*,*
<395>,,,1,記号,一般,*,*,*,*,*,*,*
<396>,,,1,記号,一般,*,*,*,*,*,*,*
<397>,,,1,記号,一般,*,*,*,*,*,*,*
<398>,,,1,記号,一般,*,*,*,*,*,*,*
<399>,,,1,記号,一般,*,*,*,*,*,*,*
<400>,,,1,記号,一般,*,*,*,*,*,*,*
<401>,,,1,記号,一般,*,*,*,*,*,*,*
<402>,,,1,記号,一般,*,*,*,*,*,*,*
<403>,,,1,記号,一般,*,*,*,*,*,*,*
<404>,,,1,記号,一般,*,*,*,*,*,*,*
<405>,,,1,記号,一般,*,*,*,*,*,*,*
<406>,,,1,記号,一般,*,*,*,*,*,*,*
<407>,,,1,記号,一般,*,*,*,*,*,*,*
<408>,,,1,記号,一般,*,*,*,*,*,*,*
<409>,,,1,記号,一般,*,*,*,*,*,*,*
<410>,,,1,記号,一般,*,*,*,*,*,*,*
<411>,,,1,記号,一般,*,*,*,*,*,*,*
<412>,,,1,記号,一般,*,*,*,*,*,*,*
<413>,,,1,記号,一般,*,*,*,*,*,*,*
<414>,,,1,記号,一般,*,*,*,*,*,*,*
<415>,,,1,記号,一般,*,*,*,*,*,*,*
<416>,,,1,記号,一般,*,*,*,*,*,*,*
<417>,,,1,記号,一般,*,*,*,*,*,*,*
<418>,,,1,記号,一般,*,*,*,*,*,*,*
<419>,,,1,記号,一般,*,*,*,*,*,*,*
<420>,,,1,記号,一般,*,*,*,*,*,*,*
<421>,,,1,記号,一般,*,*,*,*,*,*,*
<422>,,,1,記号,一般,*,*,*,*,*,*,*
<423>,,,1,記号,一般,*,*,*,*,*,*,*
<424>,,,1,記号,一般,*,*,*,*,*,*,*
<425>,,,1,記号,一般,*,*,*,*,*,*,*
<426>,,,1,記号,一般,*,*,*,*,*,*,*
<427>,,,1,記号,一般,*,*,*,*,*,*,*
<428>,,,1,記号,一般,*,*,*,*,*,*,*
<429>,,,1,記号,一般,*,*,*,*,*,*,*
<430>,,,1,記号,一般,*,*,*,*,*,*,*
<431>,,,1,記号,一般,*,*,*,*,*,*,*
<432>,,,1,記号,一般,*,*,*,*,*,*,*
<433>,,,1,記号,一般,*,*,*,*,*,*,*
<434>,,,1,記号,一般,*,*,*,*,*,*,*
<435>,,,1,記号,一般,*,*,*,*,*,*,*
<436>,,,1,記号,一般,*,*,*,*,*,*,*
<437>,,,1,記号,一般,*,*,*,*,*,*,*
<438>,,,1,記号,一般,*,*,*,*,*,*,*
<439>,,,1,記号,一般,*,*,*,*,*,*,*
<440>,,,1,記号,一般,*,*,*,*,*,*,*
<441>,,,1,記号,一般,*,*,*,*,*,*,*
<442>,,,1,記号,一般,*,*,*,*,*,*,*
<443>,,,1,記号,一般,*,*,*,*,*,*,*
<444>,,,1,記号,一般,*,*,*,*,*,*,*
<445>,,,1,記号,一般,*,*,*,*,*,*,*
<446>,,,1,記号,一般,*,*,*,*,*,*,*
<447>,,,1,記号,一般,*,*,*,*,*,*,*
<448>,,,1,記号,一般,*,*,*,*,*,*,*
<449>,,,1,記号,一般,*,*,*,*,*,*,*
<450>,,,1,記号,一般,*,*,*,*,*,*,*
<451>,,,1,記号,一般,*,*,*,*,*,*,*
<452>,,,1,記号,一般,*,*,*,*,*,*,*
<453>,,,1,記号,一般,*,*,*,*,*,*,*
<454>,,,1,記号,一般,*,*,*,*,*,*,*
<455>,,,1,記号,一般,*,*,*,*,*,*,*
<456>,,,1,記号,一般,*,*,*,*,*,*,*
<457>,,,1,記号,一般,*,*,*,*,*,*,*
<458>,,,1,記号,一般,*,*,*,*,*,*,*
<459>,,,1,記号,一般,*,*,*,*,*,*,*
<460>,,,1,記号,一般,*,*,*,*,*,*,*
<461>,,,1,記号,一般,*,*,*,*,*,*,*
<462>,,,1,記号,一般,*,*,*,*,*,*,*
<463>,,,1,記号,一般,*,*,*,*,*,*,*
<464>,,,1,記号,一般,*,*,*,*,*,*,*
<465>,,,1,記号,一般,*,*,*,*,*,*,*
<466>,,,1,記号,一般,*,*,*,*,*,*,*
<467>,,,1,記号,一般,*,*,*,*,*,*,*
<468>,,,1,記号,一般,*,*,*,*,*,*,*
<469>,,,1,記号,一般,*,*,*,*,*,*,*
<470>,,,1,記号,一般,*,*,*,*,*,*,*
<471>,,,1,記号,一般,*,*,*,*,*,*,*
<472>,,,1,記号,一般,*,*,*,*,*,*,*
<473>,,,1,記号,一般,*,*,*,*,*,*,*
<474>,,,1,記号,一般,*,*,*,*,*,*,*
<475>,,,1,記号,一般,*,*,*,*,*,*,*
<476>,,,1,記号,一般,*,*,*,*,*,*,*
<477>,,,1,記号,一般,*,*,*,*,*,*,*
<478>,,,1,記号,一般,*,*,*,*,*,*,*
<479>,,,1,記号,一般,*,*,*,*,*,*,*
<480>,,,1,記号,一般,*,*,*,*,*,*,*
<481>,,,1,記号,一般,*,*,*,*,*,*,*
<482>,,,1,記号,一般,*,*,*,*,*,*,*
<483>,,,1,記号,一般,*,*,*,*,*,*,*
<484>,,,1,記号,一般,*,*,*,*,*,*,*
<485>,,,1,記号,一般,*,*,*,*,*,*,*
<486>,,,1,記号,一般,*,*,*,*,*,*,*
<487>,,,1,記号,一般,*,*,*,*,*,*,*
<488>,,,1,記号,一般,*,*,*,*,*,*,*
<489>,,,1,記号,一般,*,*,*,*,*,*,*
<490>,,,1,記号,一般,*,*,*,*,*,*,*
<491>,,,1,記号,一般,*,*,*,*,*,*,*
<492>,,,1,記号,一般,*,*,*,*,*,*,*
<493>,,,1,記号,一般,*,*,*,*,*,*,*
<494>,,,1,記号,一般,*,*,*,*,*,*,*
<495>,,,1,記号,一般,*,*,*,*,*,*,*
<496>,,,1,記号,一般,*,*,*,*,*,*,*
<497>,,,1,記号,一般,*,*,*,*,*,*,*
<498>,,,1,記号,一般,*,*,*,*,*,*,*
<499>,,,1,記号,一般,*,*,*,*,*,*,*
<500>,,,1,記号,一般,*,*,*,*,*,*,*
<501>,,,1,記号,一般,*,*,*,*,*,*,*
<502>,,,1,記号,一般,*,*,*,*,*,*,*
<503>,,,1,記号,一般,*,*,*,*,*,*,*
<504>,,,1,記号,一般,*,*,*,*,*,*,*
<505>,,,1,記号,一般,*,*,*,*,*,*,*
<506>,,,1,記号,一般,*,*,*,*,*,*,*
<507>,,,1,記号,一般,*,*,*,*,*,*,*
<508>,,,1,記号,一般,*,*,*,*,*,*,*
<509>,,,1,記号,一般,*,*,*,*,*,*,*
<510>,,,1,記号,一般,*,*,*,*,*,*,*
<511>,,,1,記号,一般,*,*,*,*,*,*,*
<512>,,,1,記号,一般,*,*,*,*,*,*,*
<513>,,,1,記号,一般,*,*,*,*,*,*,*
<514>,,,1,記号,一般,*,*,*,*,*,*,*
<515>,,,1,記号,一般,*,*,*,*,*,*,*
<516>,,,1,記号,一般,*,*,*,*,*,*,*
<517>,,,1,記号,一般,*,*,*,*,*,*,*
<518>,,,1,記号,一般,*,*,*,*,*,*,*
<519>,,,1,記号,一般,*,*,*,*,*,*,*
<520>,,,1,記号,一般,*,*,*,*,*,*,*
<521>,,,1,記号,一般,*,*,*,*,*,*,*
<522>,,,1,記号,一般,*,*,*,*,*,*,*
<523>,,,1,記号,一般,*,*,*,*,*,*,*
<524>,,,1,記号,一般,*,*,*,*,*,*,*
<525>,,,1,記号,一般,*,*,*,*,*,*,*
<526>,,,1,記号,一般,*,*,*,*,*,*,*
<527>,,,1,記号,一般,*,*,*,*,*,*,*
<528>,,,1,記号,一般,*,*,*,*,*,*,*
<529>,,,1,記号,一般,*,*,*,*,*,*,*
<530>,,,1,記号,一般,*,*,*,*,*,*,*
<531>,,,1,記号,一般,*,*,*,*,*,*,*
<532>,,,1,記号,一般,*,*,*,*,*,*,*
<533>,,,1,記号,一般,*,*,*,*,*,*,*
<534>,,,1,記号,一般,*,*,*,*,*,*,*
<535>,,,1,記号,一般,*,*,*,*,*,*,*
<536>,,,1,記号,一般,*,*,*,*,*,*,*
<537>,,,1,記号,一般,*,*,*,*,*,*,*
<538>,,,1,記号,一般,*,*,*,*,*,*,*
<539>,,,1,記号,一般,*,*,*,*,*,*,*
<540>,,,1,記号,一般,*,*,*,*,*,*,*
<541>,,,1,記号,一般,*,*,*,*,*,*,*
<542>,,,1,記号,一般,*,*,*,*,*,*,*
<543>,,,1,記号,一般,*,*,*,*,*,*,*
<544>,,,1,記号,一般,*,*,*,*,*,*,*
<545>,,,1,記号,一般,*,*,*,*,*,*,*
<546>,,,1,記号,一般,*,*,*,*,*,*,*
<547>,,,1,記号,一般,*,*,*,*,*,*,*
<548>,,,1,記号,一般,*,*,*,*,*,*,*
<549>,,,1,記号,一般,*,*,*,*,*,*,*
<550>,,,1,記号,一般,*,*,*,*,*,*,*
<551>,,,1,記号,一般,*,*,*,*,*,*,*
<552>,,,1,記号,一般,*,*,*,*,*,*,*
<553>,,,1,記号,一般,*,*,*,*,*,*,*
<554>,,,1,記号,一般,*,*,*,*,*,*,*
<555>,,,1,記号,一般,*,*,*,*,*,*,*
<556>,,,1,記号,一般,*,*,*,*,*,*,*
<557>,,,1,記号,一般,*,*,*,*,*,*,*
<558>,,,1,記号,一般,*,*,*,*,*,*,*
<559>,,,1,記号,一般,*,*,*,*,*,*,*
<560>,,,1,記号,一般,*,*,*,*,*,*,*
<561>,,,1,記号,一般,*,*,*,*,*,*,*
<562>,,,1,記号,一般,*,*,*,*,*,*,*
<563>,,,1,記号,一般,*,*,*,*,*,*,*
<564>,,,1,記号,一般,*,*,*,*,*,*,*
<565>,,,1,記号,一般,*,*,*,*,*,*,*
<566>,,,1,記号,一般,*,*,*,*,*,*,*
<567>,,,1,記号,一般,*,*,*,*,*,*,*
<568>,,,1,記号,一般,*,*,*,*,*,*,*
<569>,,,1,記号,一般,*,*,*,*,*,*,*
<570>,,,1,記号,一般,*,*,*,*,*,*,*
<571>,,,1,記号,一般,*,*,*,*,*,*,*
<572>,,,1,記号,一般,*,*,*,*,*,*,*
<573>,,,1,記号,一般,*,*,*,*,*,*,*
<574>,,,1,記号,一般,*,*,*,*,*,*,*
<575>,,,1,記号,一般,*,*,*,*,*,*,*
<576>,,,1,記号,一般,*,*,*,*,*,*,*
<577>,,,1,記号,一般,*,*,*,*,*,*,*
<578>,,,1,記号,一般,*,*,*,*,*,*,*
<579>,,,1,記号,一般,*,*,*,*,*,*,*
<580>,,,1,記号,一般,*,*,*,*,*,*,*
<581>,,,1,記号,一般,*,*,*,*,*,*,*
<582>,,,1,記号,一般,*,*,*,*,*,*,*
<583>,,,1,記号,一般,*,*,*,*,*,*,*
<584>,,,1,記号,一般,*,*,*,*,*,*,*
<585>,,,1,記号,一般,*,*,*,*,*,*,*
<586>,,,1,記号,一般,*,*,*,*,*,*,*
<587>,,,1,記号,一般,*,*,*,*,*,*,*
<588>,,,1,記号,一般,*,*,*,*,*,*,*
<589>,,,1,記号,一般,*,*,*,*,*,*,*
<590>,,,1,記号,一般,*,*,*,*,*,*,*
<591>,,,1,記号,一般,*,*,*,*,*,*,*
<592>,,,1,記号,一般,*,*,*,*,*,*,*
<593>,,,1,記号,一般,*,*,*,*,*,*,*
<594>,,,1,記号,一般,*,*,*,*,*,*,*
<595>,,,1,記号,一般,*,*,*,*,*,*,*
<596>,,,1,記号,一般,*,*,*,*,*,*,*
<597>,,,1,記号,一般,*,*,*,*,*,*,*
<598>,,,1,記号,一般,*,*,*,*,*,*,*
<599>,,,1,記号,一般,*,*,*,*,*,*,*
<600>,,,1,記号,一般,*,*,*,*,*,*,*
<601>,,,1,記号,一般,*,*,*,*,*,*,*
<602>,,,1,記号,一般,*,*,*,*,*,*,*
<603>,,,1,記号,一般,*,*,*,*,*,*,*
<604>,,,1,記号,一般,*,*,*,*,*,*,*
<605>,,,1,記号,一般,*,*,*,*,*,*,*
<606>,,,1,記号,一般,*,*,*,*,*,*,*
<607>,,,1,記号,一般,*,*,*,*,*,*,*
<608>,,,1,記号,一般,*,*,*,*,*,*,*
<609>,,,1,記号,一般,*,*,*,*,*,*,*
<610>,,,1,記号,一般,*,*,*,*,*,*,*
<611>,,,1,記号,一般,*,*,*,*,*,*,*
<612>,,,1,記号,一般,*,*,*,*,*,*,*
<613>,,,1,記号,一般,*,*,*,*,*,*,*
<614>,,,1,記号,一般,*,*,*,*,*,*,*
<615>,,,1,記号,一般,*,*,*,*,*,*,*
<616>,,,1,記号,一般,*,*,*,*,*,*,*
<617>,,,1,記号,一般,*,*,*,*,*,*,*
<618>,,,1,記号,一般,*,*,*,*,*,*,*
<619>,,,1,記号,一般,*,*,*,*,*,*,*
<620>,,,1,記号,一般,*,*,*,*,*,*,*
<621>,,,1,記号,一般,*,*,*,*,*,*,*
<622>,,,1,記号,一般,*,*,*,*,*,*,*
<623>,,,1,記号,一般,*,*,*,*,*,*,*
<624>,,,1,記号,一般,*,*,*,*,*,*,*
<625>,,,1,記号,一般,*,*,*,*,*,*,*
<626>,,,1,記号,一般,*,*,*,*,*,*,*
<627>,,,1,記号,一般,*,*,*,*,*,*,*
<628>,,,1,記号,一般,*,*,*,*,*,*,*
<629>,,,1,記号,一般,*,*,*,*,*,*,*
<630>,,,1,記号,一般,*,*,*,*,*,*,*
<631>,,,1,記号,一般,*,*,*,*,*,*,*
<632>,,,1,記号,一般,*,*,*,*,*,*,*
<633>,,,1,記号,一般,*,*,*,*,*,*,*
<634>,,,1,記号,一般,*,*,*,*,*,*,*
<635>,,,1,記号,一般,*,*,*,*,*,*,*
<636>,,,1,記号,一般,*,*,*,*,*,*,*
<637>,,,1,記号,一般,*,*,*,*,*,*,*
<638>,,,1,記号,一般,*,*,*,*,*,*,*
<639>,,,1,記号,一般,*,*,*,*,*,*,*
<640>,,,1,記号,一般,*,*,*,*,*,*,*
<641>,,,1,記号,一般,*,*,*,*,*,*,*
<642>,,,1,記号,一般,*,*,*,*,*,*,*
<643>,,,1,記号,一般,*,*,*,*,*,*,*
<644>,,,1,記号,一般,*,*,*,*,*,*,*
<645>,,,1,記号,一般,*,*,*,*,*,*,*
<646>,,,1,記号,一般,*,*,*,*,*,*,*
<647>,,,1,記号,一般,*,*,*,*,*,*,*
<648>,,,1,記号,一般,*,*,*,*,*,*,*
<649>,,,1,記号,一般,*,*,*,*,*,*,*
<650>,,,1,記号,一般,*,*,*,*,*,*,*
<651>,,,1,記号,一般,*,*,*,*,*,*,*
<652>,,,1,記号,一般,*,*,*,*,*,*,*
<653>,,,1,記号,一般,*,*,*,*,*,*,*
<654>,,,1,記号,一般,*,*,*,*,*,*,*
<655>,,,1,記号,一般,*,*,*,*,*,*,*
<656>,,,1,記号,一般,*,*,*,*,*,*,*
<657>,,,1,記号,一般,*,*,*,*,*,*,*
<658>,,,1,記号,一般,*,*,*,*,*,*,*
<659>,,,1,記号,一般,*,*,*,*,*,*,*
<660>,,,1,記号,一般,*,*,*,*,*,*,*
<661>,,,1,記号,一般,*,*,*,*,*,*,*
<662>,,,1,記号,一般,*,*,*,*,*,*,*
<663>,,,1,記号,一般,*,*,*,*,*,*,*
<664>,,,1,記号,一般,*,*,*,*,*,*,*
<665>,,,1,記号,一般,*,*,*,*,*,*,*
<666>,,,1,記号,一般,*,*,*,*,*,*,*
<667>,,,1,記号,一般,*,*,*,*,*,*,*
<668>,,,1,記号,一般,*,*,*,*,*,*,*
<669>,,,1,記号,一般,*,*,*,*,*,*,*
<670>,,,1,記号,一般,*,*,*,*,*,*,*
<671>,,,1,記号,一般,*,*,*,*,*,*,*
<672>,,,1,記号,一般,*,*,*,*,*,*,*
<673>,,,1,記号,一般,*,*,*,*,*,*,*
<674>,,,1,記号,一般,*,*,*,*,*,*,*
<675>,,,1,記号,一般,*,*,*,*,*,*,*
<676>,,,1,記号,一般,*,*,*,*,*,*,*
<677>,,,1,記号,一般,*,*,*,*,*,*,*
<678>,,,1,記号,一般,*,*,*,*,*,*,*
<679>,,,1,記号,一般,*,*,*,*,*,*,*
<680>,,,1,記号,一般,*,*,*,*,*,*,*
<681>,,,1,記号,一般,*,*,*,*,*,*,*
<682>,,,1,記号,一般,*,*,*,*,*,*,*
<683>,,,1,記号,一般,*,*,*,*,*,*,*
<684>,,,1,記号,一般,*,*,*,*,*,*,*
<685>,,,1,記号,一般,*,*,*,*,*,*,*
<686>,,,1,記号,一般,*,*,*,*,*,*,*
<687>,,,1,記号,一般,*,*,*,*,*,*,*
<688>,,,1,記号,一般,*,*,*,*,*,*,*
<689>,,,1,記号,一般,*,*,*,*,*,*,*
<690>,,,1,記号,一般,*,*,*,*,*,*,*
<691>,,,1,記号,一般,*,*,*,*,*,*,*
<692>,,,1,記号,一般,*,*,*,*,*,*,*
<693>,,,1,記号,一般,*,*,*,*,*,*,*
<694>,,,1,記号,一般,*,*,*,*,*,*,*
<695>,,,1,記号,一般,*,*,*,*,*,*,*
<696>,,,1,記号,一般,*,*,*,*,*,*,*
<697>,,,1,記号,一般,*,*,*,*,*,*,*
<698>,,,1,記号,一般,*,*,*,*,*,*,*
<699>,,,1,記号,一般,*,*,*,*,*,*,*
<700>,,,1,記号,一般,*,*,*,*,*,*,*
<701>,,,1,記号,一般,*,*,*,*,*,*,*
<702>,,,1,記号,一般,*,*,*,*,*,*,*
<703>,,,1,記号,一般,*,*,*,*,*,*,*
<704>,,,1,記号,一般,*,*,*,*,*,*,*
<705>,,,1,記号,一般,*,*,*,*,*,*,*
<706>,,,1,記号,一般,*,*,*,*,*,*,*
<707>,,,1,記号,一般,*,*,*,*,*,*,*
<708>,,,1,記号,一般,*,*,*,*,*,*,*
<709>,,,1,記号,一般,*,*,*,*,*,*,*
<710>,,,1,記号,一般,*,*,*,*,*,*,*
<711>,,,1,記号,一般,*,*,*,*,*,*,*
<712>,,,1,記号,一般,*,*,*,*,*,*,*
<713>,,,1,記号,一般,*,*,*,*,*,*,*
<714>,,,1,記号,一般,*,*,*,*,*,*,*
<715>,,,1,記号,一般,*,*,*,*,*,*,*
<716>,,,1,記号,一般,*,*,*,*,*,*,*
<717>,,,1,記号,一般,*,*,*,*,*,*,*
<718>,,,1,記号,一般,*,*,*,*,*,*,*
<719>,,,1,記号,一般,*,*,*,*,*,*,*
<720>,,,1,記号,一般,*,*,*,*,*,*,*
<721>,,,1,記号,一般,*,*,*,*,*,*,*
<722>,,,1,記号,一般,*,*,*,*,*,*,*
<723>,,,1,記号,一般,*,*,*,*,*,*,*
<724>,,,1,記号,一般,*,*,*,*,*,*,*
<725>,,,1,記号,一般,*,*,*,*,*,*,*
<726>,,,1,記号,一般,*,*,*,*,*,*,*
<727>,,,1,記号,一般,*,*,*,*,*,*,*
<728>,,,1,記号,一般,*,*,*,*,*,*,*
<729>,,,1,記号,一般,*,*,*,*,*,*,*
<730>,,,1,記号,一般,*,*,*,*,*,*,*
<731>,,,1,記号,一般,*,*,*,*,*,*,*
<732>,,,1,記号,一般,*,*,*,*,*,*,*
<733>,,,1,記号,一般,*,*,*,*,*,*,*
<734>,,,1,記号,一般,*,*,*,*,*,*,*
<735>,,,1,記号,一般,*,*,*,*,*,*,*
<736>,,,1,記号,一般,*,*,*,*,*,*,*
<737>,,,1,記号,一般,*,*,*,*,*,*,*
<738>,,,1,記号,一般,*,*,*,*,*,*,*
<739>,,,1,記号,一般,*,*,*,*,*,*,*
<740>,,,1,記号,一般,*,*,*,*,*,*,*
<741>,,,1,記号,一般,*,*,*,*,*,*,*
<742>,,,1,記号,一般,*,*,*,*,*,*,*
<743>,,,1,記号,一般,*,*,*,*,*,*,*
<744>,,,1,記号,一般,*,*,*,*,*,*,*
<745>,,,1,記号,一般,*,*,*,*,*,*,*
<746>,,,1,記号,一般,*,*,*,*,*,*,*
<747>,,,1,記号,一般,*,*,*,*,*,*,*
<748>,,,1,記号,一般,*,*,*,*,*,*,*
<749>,,,1,記号,一般,*,*,*,*,*,*,*
<750>,,,1,記号,一般,*,*,*,*,*,*,*
<751>,,,1,記号,一般,*,*,*,*,*,*,*
<752>,,,1,記号,一般,*,*,*,*,*,*,*
<753>,,,1,記号,一般,*,*,*,*,*,*,*
<754>,,,1,記号,一般,*,*,*,*,*,*,*
<755>,,,1,記号,一般,*,*,*,*,*,*,*
<756>,,,1,記号,一般,*,*,*,*,*,*,*
<757>,,,1,記号,一般,*,*,*,*,*,*,*
<758>,,,1,記号,一般,*,*,*,*,*,*,*
<759>,,,1,記号,一般,*,*,*,*,*,*,*
<760>,,,1,記号,一般,*,*,*,*,*,*,*
<761>,,,1,記号,一般,*,*,*,*,*,*,*
<762>,,,1,記号,一般,*,*,*,*,*,*,*
<763>,,,1,記号,一般,*,*,*,*,*,*,*
<764>,,,1,記号,一般,*,*,*,*,*,*,*
<765>,,,1,記号,一般,*,*,*,*,*,*,*
<766>,,,1,記号,一般,*,*,*,*,*,*,*
<767>,,,1,記号,一般,*,*,*,*,*,*,*
<768>,,,1,記号,一般,*,*,*,*,*,*,*
<769>,,,1,記号,一般,*,*,*,*,*,*,*
<770>,,,1,記号,一般,*,*,*,*,*,*,*
<771>,,,1,記号,一般,*,*,*,*,*,*,*
<772>,,,1,記号,一般,*,*,*,*,*,*,*
<773>,,,1,記号,一般,*,*,*,*,*,*,*
<774>,,,1,記号,一般,*,*,*,*,*,*,*
<775>,,,1,記号,一般,*,*,*,*,*,*,*
<776>,,,1,記号,一般,*,*,*,*,*,*,*
<777>,,,1,記号,一般,*,*,*,*,*,*,*
<778>,,,1,記号,一般,*,*,*,*,*,*,*
<779>,,,1,記号,一般,*,*,*,*,*,*,*
<780>,,,1,記号,一般,*,*,*,*,*,*,*
<781>,,,1,記号,一般,*,*,*,*,*,*,*
<782>,,,1,記号,一般,*,*,*,*,*,*,*
<783>,,,1,記号,一般,*,*,*,*,*,*,*
<784>,,,1,記号,一般,*,*,*,*,*,*,*
<785>,,,1,記号,一般,*,*,*,*,*,*,*
<786>,,,1,記号,一般,*,*,*,*,*,*,*
<787>,,,1,記号,一般,*,*,*,*,*,*,*
<788>,,,1,記号,一般,*,*,*,*,*,*,*
<789>,,,1,記号,一般,*,*,*,*,*,*,*
<790>,,,1,記号,一般,*,*,*,*,*,*,*
<791>,,,1,記号,一般,*,*,*,*,*,*,*
<792>,,,1,記号,一般,*,*,*,*,*,*,*
<793>,,,1,記号,一般,*,*,*,*,*,*,*
<794>,,,1,記号,一般,*,*,*,*,*,*,*
<795>,,,1,記号,一般,*,*,*,*,*,*,*
<796>,,,1,記号,一般,*,*,*,*,*,*,*
<797>,,,1,記号,一般,*,*,*,*,*,*,*
<798>,,,1,記号,一般,*,*,*,*,*,*,*
<799>,,,1,記号,一般,*,*,*,*,*,*,*
<800>,,,1,記号,一般,*,*,*,*,*,*,*
<801>,,,1,記号,一般,*,*,*,*,*,*,*
<802>,,,1,記号,一般,*,*,*,*,*,*,*
<803>,,,1,記号,一般,*,*,*,*,*,*,*
<804>,,,1,記号,一般,*,*,*,*,*,*,*
<805>,,,1,記号,一般,*,*,*,*,*,*,*
<806>,,,1,記号,一般,*,*,*,*,*,*,*
<807>,,,1,記号,一般,*,*,*,*,*,*,*
<808>,,,1,記号,一般,*,*,*,*,*,*,*
<809>,,,1,記号,一般,*,*,*,*,*,*,*
<810>,,,1,記号,一般,*,*,*,*,*,*,*
<811>,,,1,記号,一般,*,*,*,*,*,*,*
<812>,,,1,記号,一般,*,*,*,*,*,*,*
<813>,,,1,記号,一般,*,*,*,*,*,*,*
<814>,,,1,記号,一般,*,*,*,*,*,*,*
<815>,,,1,記号,一般,*,*,*,*,*,*,*
<816>,,,1,記号,一般,*,*,*,*,*,*,*
<817>,,,1,記号,一般,*,*,*,*,*,*,*
<818>,,,1,記号,一般,*,*,*,*,*,*,*
<819>,,,1,記号,一般,*,*,*,*,*,*,*
<820>,,,1,記号,一般,*,*,*,*,*,*,*
<821>,,,1,記号,一般,*,*,*,*,*,*,*
<822>,,,1,記号,一般,*,*,*,*,*,*,*
<823>,,,1,記号,一般,*,*,*,*,*,*,*
<824>,,,1,記号,一般,*,*,*,*,*,*,*
<825>,,,1,記号,一般,*,*,*,*,*,*,*
<826>,,,1,記号,一般,*,*,*,*,*,*,*
<827>,,,1,記号,一般,*,*,*,*,*,*,*
<828>,,,1,記号,一般,*,*,*,*,*,*,*
<829>,,,1,記号,一般,*,*,*,*,*,*,*
<830>,,,1,記号,一般,*,*,*,*,*,*,*
<831>,,,1,記号,一般,*,*,*,*,*,*,*
<832>,,,1,記号,一般,*,*,*,*,*,*,*
<833>,,,1,記号,一般,*,*,*,*,*,*,*
<834>,,,1,記号,一般,*,*,*,*,*,*,*
<835>,,,1,記号,一般,*,*,*,*,*,*,*
<836>,,,1,記号,一般,*,*,*,*,*,*,*
<837>,,,1,記号,一般,*,*,*,*,*,*,*
<838>,,,1,記号,一般,*,*,*,*,*,*,*
<839>,,,1,記号,一般,*,*,*,*,*,*,*
<840>,,,1,記号,一般,*,*,*,*,*,*,*
<841>,,,1,記号,一般,*,*,*,*,*,*,*
<842>,,,1,記号,一般,*,*,*,*,*,*,*
<843>,,,1,記号,一般,*,*,*,*,*,*,*
<844>,,,1,記号,一般,*,*,*,*,*,*,*
<845>,,,1,記号,一般,*,*,*,*,*,*,*
<846>,,,1,記号,一般,*,*,*,*,*,*,*
<847>,,,1,記号,一般,*,*,*,*,*,*,*
<848>,,,1,記号,一般,*,*,*,*,*,*,*
<849>,,,1,記号,一般,*,*,*,*,*,*,*
<850>,,,1,記号,一般,*,*,*,*,*,*,*
<851>,,,1,記号,一般,*,*,*,*,*,*,*
<852>,,,1,記号,一般,*,*,*,*,*,*,*
<853>,,,1,記号,一般,*,*,*,*,*,*,*
<854>,,,1,記号,一般,*,*,*,*,*,*,*
<855>,,,1,記号,一般,*,*,*,*,*,*,*
<856>,,,1,記号,一般,*,*,*,*,*,*,*
<857>,,,1,記号,一般,*,*,*,*,*,*,*
<858>,,,1,記号,一般,*,*,*,*,*,*,*
<859>,,,1,記号,一般,*,*,*,*,*,*,*
<860>,,,1,記号,一般,*,*,*,*,*,*,*
<861>,,,1,記号,一般,*,*,*,*,*,*,*
<862>,,,1,記号,一般,*,*,*,*,*,*,*
<863>,,,1,記号,一般,*,*,*,*,*,*,*
<864>,,,1,記号,一般,*,*,*,*,*,*,*
<865>,,,1,記号,一般,*,*,*,*,*,*,*
<866>,,,1,記号,一般,*,*,*,*,*,*,*
<867>,,,1,記号,一般,*,*,*,*,*,*,*
<868>,,,1,記号,一般,*,*,*,*,*,*,*
<869>,,,1,記号,一般,*,*,*,*,*,*,*
<870>,,,1,記号,一般,*,*,*,*,*,*,*
<871>,,,1,記号,一般,*,*,*,*,*,*,*
<872>,,,1,記号,一般,*,*,*,*,*,*,*
<873>,,,1,記号,一般,*,*,*,*,*,*,*
<874>,,,1,記号,一般,*,*,*,*,*,*,*
<875>,,,1,記号,一般,*,*,*,*,*,*,*
<876>,,,1,記号,一般,*,*,*,*,*,*,*
<877>,,,1,記号,一般,*,*,*,*,*,*,*
<878>,,,1,記号,一般,*,*,*,*,*,*,*
<879>,,,1,記号,一般,*,*,*,*,*,*,*
<880>,,,1,記号,一般,*,*,*,*,*,*,*
<881>,,,1,記号,一般,*,*,*,*,*,*,*
<882>,,,1,記号,一般,*,*,*,*,*,*,*
<883>,,,1,記号,一般,*,*,*,*,*,*,*
<884>,,,1,記号,一般,*,*,*,*,*,*,*
<885>,,,1,記号,一般,*,*,*,*,*,*,*
<886>,,,1,記号,一般,*,*,*,*,*,*,*
<887>,,,1,記号,一般,*,*,*,*,*,*,*
<888>,,,1,記号,一般,*,*,*,*,*,*,*
<889>,,,1,記号,一般,*,*,*,*,*,*,*
<890>,,,1,記号,一般,*,*,*,*,*,*,*
<891>,,,1,記号,一般,*,*,*,*,*,*,*
<892>,,,1,記号,一般,*,*,*,*,*,*,*
<893>,,,1,記号,一般,*,*,*,*,*,*,*
<894>,,,1,記号,一般,*,*,*,*,*,*,*
<895>,,,1,記号,一般,*,*,*,*,*,*,*
<896>,,,1,記号,一般,*,*,*,*,*,*,*
<897>,,,1,記号,一般,*,*,*,*,*,*,*
<898>,,,1,記号,一般,*,*,*,*,*,*,*
<899>,,,1,記号,一般,*,*,*,*,*,*,*
<900>,,,1,記号,一般,*,*,*,*,*,*,*
<901>,,,1,記号,一般,*,*,*,*,*,*,*
<902>,,,1,記号,一般,*,*,*,*,*,*,*
<903>,,,1,記号,一般,*,*,*,*,*,*,*
<904>,,,1,記号,一般,*,*,*,*,*,*,*
<905>,,,1,記号,一般,*,*,*,*,*,*,*
<906>,,,1,記号,一般,*,*,*,*,*,*,*
<907>,,,1,記号,一般,*,*,*,*,*,*,*
<908>,,,1,記号,一般,*,*,*,*,*,*,*
<909>,,,1,記号,一般,*,*,*,*,*,*,*
<910>,,,1,記号,一般,*,*,*,*,*,*,*
<911>,,,1,記号,一般,*,*,*,*,*,*,*
<912>,,,1,記号,一般,*,*,*,*,*,*,*
<913>,,,1,記号,一般,*,*,*,*,*,*,*
<914>,,,1,記号,一般,*,*,*,*,*,*,*
<915>,,,1,記号,一般,*,*,*,*,*,*,*
<916>,,,1,記号,一般,*,*,*,*,*,*,*
<917>,,,1,記号,一般,*,*,*,*,*,*,*
<918>,,,1,記号,一般,*,*,*,*,*,*,*
<919>,,,1,記号,一般,*,*,*,*,*,*,*
<920>,,,1,記号,一般,*,*,*,*,*,*,*
<921>,,,1,記号,一般,*,*,*,*,*,*,*
<922>,,,1,記号,一般,*,*,*,*,*,*,*
<923>,,,1,記号,一般,*,*,*,*,*,*,*
<924>,,,1,記号,一般,*,*,*,*,*,*,*
<925>,,,1,記号,一般,*,*,*,*,*,*,*
<926>,,,1,記号,一般,*,*,*,*,*,*,*
<927>,,,1,記号,一般,*,*,*,*,*,*,*
<928>,,,1,記号,一般,*,*,*,*,*,*,*
<929>,,,1,記号,一般,*,*,*,*,*,*,*
<930>,,,1,記号,一般,*,*,*,*,*,*,*
<931>,,,1,記号,一般,*,*,*,*,*,*,*
<932>,,,1,記号,一般,*,*,*,*,*,*,*
<933>,,,1,記号,一般,*,*,*,*,*,*,*
<934>,,,1,記号,一般,*,*,*,*,*,*,*
<935>,,,1,記号,一般,*,*,*,*,*,*,*
<936>,,,1,記号,一般,*,*,*,*,*,*,*
<937>,,,1,記号,一般,*,*,*,*,*,*,*
<938>,,,1,記号,一般,*,*,*,*,*,*,*
<939>,,,1,記号,一般,*,*,*,*,*,*,*
<940>,,,1,記号,一般,*,*,*,*,*,*,*
<941>,,,1,記号,一般,*,*,*,*,*,*,*
<942>,,,1,記号,一般,*,*,*,*,*,*,*
<943>,,,1,記号,一般,*,*,*,*,*,*,*
<944>,,,1,記号,一般,*,*,*,*,*,*,*
<945>,,,1,記号,一般,*,*,*,*,*,*,*
<946>,,,1,記号,一般,*,*,*,*,*,*,*
<947>,,,1,記号,一般,*,*,*,*,*,*,*
<948>,,,1,記号,一般,*,*,*,*,*,*,*
<949>,,,1,記号,一般,*,*,*,*,*,*,*
<950>,,,1,記号,一般,*,*,*,*,*,*,*
<951>,,,1,記号,一般,*,*,*,*,*,*,*
<952>,,,1,記号,一般,*,*,*,*,*,*,*
<953>,,,1,記号,一般,*,*,*,*,*,*,*
<954>,,,1,記号,一般,*,*,*,*,*,*,*
<955>,,,1,記号,一般,*,*,*,*,*,*,*
<956>,,,1,記号,一般,*,*,*,*,*,*,*
<957>,,,1,記号,一般,*,*,*,*,*,*,*
<958>,,,1,記号,一般,*,*,*,*,*,*,*
<959>,,,1,記号,一般,*,*,*,*,*,*,*
<960>,,,1,記号,一般,*,*,*,*,*,*,*
<961>,,,1,記号,一般,*,*,*,*,*,*,*
<962>,,,1,記号,一般,*,*,*,*,*,*,*
<963>,,,1,記号,一般,*,*,*,*,*,*,*
<964>,,,1,記号,一般,*,*,*,*,*,*,*
<965>,,,1,記号,一般,*,*,*,*,*,*,*
<966>,,,1,記号,一般,*,*,*,*,*,*,*
<967>,,,1,記号,一般,*,*,*,*,*,*,*
<968>,,,1,記号,一般,*,*,*,*,*,*,*
<969>,,,1,記号,一般,*,*,*,*,*,*,*
<970>,,,1,記号,一般,*,*,*,*,*,*,*
<971>,,,1,記号,一般,*,*,*,*,*,*,*
<972>,,,1,記号,一般,*,*,*,*,*,*,*
<973>,,,1,記号,一般,*,*,*,*,*,*,*
<974>,,,1,記号,一般,*,*,*,*,*,*,*
<975>,,,1,記号,一般,*,*,*,*,*,*,*
<976>,,,1,記号,一般,*,*,*,*,*,*,*
<977>,,,1,記号,一般,*,*,*,*,*,*,*
<978>,,,1,記号,一般,*,*,*,*,*,*,*
<979>,,,1,記号,一般,*,*,*,*,*,*,*
<980>,,,1,記号,一般,*,*,*,*,*,*,*
<981>,,,1,記号,一般,*,*,*,*,*,*,*
<982>,,,1,記号,一般,*,*,*,*,*,*,*
<983>,,,1,記号,一般,*,*,*,*,*,*,*
<984>,,,1,記号,一般,*,*,*,*,*,*,*
<985>,,,1,記号,一般,*,*,*,*,*,*,*
<986>,,,1,記号,一般,*,*,*,*,*,*,*
<987>,,,1,記号,一般,*,*,*,*,*,*,*
<988>,,,1,記号,一般,*,*,*,*,*,*,*
<989>,,,1,記号,一般,*,*,*,*,*,*,*
<990>,,,1,記号,一般,*,*,*,*,*,*,*
<991>,,,1,記号,一般,*,*,*,*,*,*,*
<992>,,,1,記号,一般,*,*,*,*,*,*,*
<993>,,,1,記号,一般,*,*,*,*,*,*,*
<994>,,,1,記号,一般,*,*,*,*,*,*,*
<995>,,,1,記号,一般,*,*,*,*,*,*,*
<996>,,,1,記号,一般,*,*,*,*,*,*,*
<997>,,,1,記号,一般,*,*,*,*,*,*,*
<998>,,,1,記号,一般,*,*,*,*,*,*,*
<999>,,,1,記号,一般,*,*,*,*,*,*,*
